job_id,source,source_url,collection_date,source_job_id,date_posted,original_title,job_title,career_category,seniority_level,company,location,work_mode,employment_type,original_experience,experience_min,experience_max,original_salary,salary_min,salary_max,currency,is_synthetic,posting_year,posting_month,posting_quarter,posting_year_quarter,posting_year_month,is_entry_level,salary_disclosed,salary_midpoint,skill_count,skill_names_concat,retrieved_at
LIVE_00001,TopJobs_LK,https://www.topjobs.lk/employer/JobAdvertismentServlet?ac=DEFZZZ&jc=0001553803&ec=DEFZZZ&pg=applicant/vacancybyfunctionalarea.jsp,2026-09-29,TJ-0001553803,2026-09-29,Business Development Manager,Business Development Manager,Management & Business Analysis,Lead,Ranki Engineering (Pvt) Ltd,"Moratuwa, Sri Lanka",Hybrid,Full-time,Not Stated,,,Negotiable,,,,False,2026,9,Q3,2026-Q3,2026-09,False,False,,0,General IT Stack,2026-09-29T08:53:03.719871+00:00
LIVE_00002,TopJobs_LK,https://www.topjobs.lk/employer/JobAdvertismentServlet?ac=0000000157&jc=0001553784&ec=0000000189&pg=applicant/vacancybyfunctionalarea.jsp,2026-09-29,TJ-0001553784,2026-09-29,Business Development Manager ? Sales (1),Business Development Manager ? Sales (1),Management & Business Analysis,Lead,Finco Technologies (pvt) Ltd,"Colombo 3, Sri Lanka",Hybrid,Full-time,Not Stated,,,Negotiable,,,,False,2026,9,Q3,2026-Q3,2026-09,False,False,,0,General IT Stack,2026-09-29T08:53:03.723929+00:00
LIVE_00003,TopJobs_LK,https://www.topjobs.lk/employer/JobAdvertismentServlet?ac=DEFZZZ&jc=0001553756&ec=DEFZZZ&pg=applicant/vacancybyfunctionalarea.jsp,2026-09-29,TJ-0001553756,2026-09-29,Business Development Manager - Maldives,Business Development Manager - Maldives,Management & Business Analysis,Lead,Techone Global,"Male, Sri Lanka",Hybrid,Full-time,Not Stated,,,Negotiable,,,,False,2026,9,Q3,2026-Q3,2026-09,False,False,,0,General IT Stack,2026-09-29T08:53:03.729294+00:00
LIVE_00004,TopJobs_LK,https://www.topjobs.lk/employer/JobAdvertismentServlet?ac=DEFZZZ&jc=0001553749&ec=DEFZZZ&pg=applicant/vacancybyfunctionalarea.jsp,2026-09-29,TJ-0001553749,2026-09-29,Cyber Security Analyst,Cyber Security Analyst,Cyber Security,Mid,Revotek Global (Pvt) Ltd,"Colombo 6, Sri Lanka",Hybrid,Full-time,Not Stated,,,Negotiable,,,,False,2026,9,Q3,2026-Q3,2026-09,False,False,,0,General IT Stack,2026-09-29T08:53:03.730796+00:00
LIVE_00005,TopJobs_LK,https://www.topjobs.lk/employer/JobAdvertismentServlet?ac=DEFZZZ&jc=0001553725&ec=DEFZZZ&pg=applicant/vacancybyfunctionalarea.jsp,2026-09-29,TJ-0001553725,2026-09-29,System Administrator,System Administrator,IT Systems & Infrastructure,Mid,Prima Management Services (Pvt) Ltd,"Rajagiriya, Sri Lanka",Hybrid,Full-time,Not Stated,,,Negotiable,,,,False,2026,9,Q3,2026-Q3,2026-09,False,False,,0,General IT Stack,2026-09-29T08:53:03.734710+00:00
LIVE_00006,TopJobs_LK,https://www.topjobs.lk/employer/JobAdvertismentServlet?ac=DEFZZZ&jc=0001553696&ec=DEFZZZ&pg=applicant/vacancybyfunctionalarea.jsp,2026-09-29,TJ-0001553696,2026-09-29,Junior QA Engineer,Junior QA Engineer,QA & Test Automation,Junior,Lyceum Global Holdings (Pvt) Ltd,"Nugegoda, Sri Lanka",Hybrid,Full-time,Not Stated,,,Negotiable,,,,False,2026,9,Q3,2026-Q3,2026-09,True,False,,0,General IT Stack,2026-09-29T08:53:03.738363+00:00
LIVE_00007,TopJobs_LK,https://www.topjobs.lk/employer/JobAdvertismentServlet?ac=0000000039&jc=0001553675&ec=0000000039&pg=applicant/vacancybyfunctionalarea.jsp,2026-09-29,TJ-0001553675,2026-09-29,Analyst - Cyber Security -Information systems Security (1),Analyst - Cyber Security -Information systems Security (1),Cyber Security,Mid,DFCC Bank,"175, Sri Lanka",Hybrid,Full-time,Not Stated,,,Negotiable,,,,False,2026,9,Q3,2026-Q3,2026-09,False,False,,0,General IT Stack,2026-09-29T08:53:03.740740+00:00
LIVE_00008,TopJobs_LK,https://www.topjobs.lk/employer/JobAdvertismentServlet?ac=0000000399&jc=0001553610&ec=0000000525&pg=applicant/vacancybyfunctionalarea.jsp,2026-09-29,TJ-0001553610,2026-09-29,Project Manager - Kandy Building,Project Manager - Kandy Building,Management & Business Analysis,Lead,Maga Engineering (Pvt) Ltd,"Kandy, Sri Lanka",Hybrid,Full-time,Not Stated,,,Negotiable,,,,False,2026,9,Q3,2026-Q3,2026-09,False,False,,0,General IT Stack,2026-09-29T08:53:03.747554+00:00
LIVE_00009,TopJobs_LK,https://www.topjobs.lk/employer/JobAdvertismentServlet?ac=0000000385&jc=0001553123&ec=0000000505&pg=applicant/vacancybyfunctionalarea.jsp,2026-09-29,TJ-0001553123,2026-09-29,ELECTRICAL & AUTOMATION ENGINEER (Wathupitiwala) (1),ELECTRICAL & AUTOMATION ENGINEER (Wathupitiwala) (1),QA & Test Automation,Mid,Konnect Net Pvt Ltd,"Wathupitiwala, Sri Lanka",Hybrid,Full-time,Not Stated,,,Negotiable,,,,False,2026,9,Q3,2026-Q3,2026-09,False,False,,0,General IT Stack,2026-09-29T08:53:03.753867+00:00
LIVE_00010,TopJobs_LK,https://www.topjobs.lk/employer/JobAdvertismentServlet?ac=DEFZZZ&jc=0001552873&ec=DEFZZZ&pg=applicant/vacancybyfunctionalarea.jsp,2026-09-29,TJ-0001552873,2026-09-29,Senior Project Manager | Project Manager (Banking and Finance Domain),Senior Project Manager | Project Manager (Banking and Finance Domain),Management & Business Analysis,Lead,ORYSYS Limited,"Colombo 3, Sri Lanka",Hybrid,Full-time,Not Stated,,,Negotiable,,,,False,2026,9,Q3,2026-Q3,2026-09,False,False,,0,General IT Stack,2026-09-29T08:53:03.754527+00:00
LIVE_00011,TopJobs_LK,https://www.topjobs.lk/employer/JobAdvertismentServlet?ac=DEFZZZ&jc=0001552380&ec=DEFZZZ&pg=applicant/vacancybyfunctionalarea.jsp,2026-09-29,TJ-0001552380,2026-09-29,Project Manager,Project Manager,Management & Business Analysis,Lead,Three Sinha Industries (Pvt) Ltd,"Koswatta, Sri Lanka",Hybrid,Full-time,Not Stated,,,Negotiable,,,,False,2026,9,Q3,2026-Q3,2026-09,False,False,,0,General IT Stack,2026-09-29T08:53:03.755877+00:00
LIVE_00012,TopJobs_LK,https://www.topjobs.lk/employer/JobAdvertismentServlet?ac=0000000001&jc=0001552257&ec=0000000001&pg=applicant/vacancybyfunctionalarea.jsp,2026-09-29,TJ-0001552257,2026-09-29,Senior DevOps Engineer (1),Senior DevOps Engineer (1),Cloud & DevOps,Senior,Genesiis Software Pvt Ltd,"Colombo 3, Sri Lanka",Hybrid,Full-time,Not Stated,,,Negotiable,,,,False,2026,9,Q3,2026-Q3,2026-09,False,False,,0,General IT Stack,2026-09-29T08:53:03.756086+00:00
LIVE_00013,TopJobs_LK,https://www.topjobs.lk/employer/JobAdvertismentServlet?ac=0000000391&jc=0001552045&ec=0000000514&pg=applicant/vacancybyfunctionalarea.jsp,2026-09-29,TJ-0001552045,2026-09-29,Business Analyst (1),Business Analyst (1),Management & Business Analysis,Junior,Associated Motorways (Private) Limited,"Colombo, Sri Lanka",Hybrid,Full-time,Not Stated,,,Negotiable,,,,False,2026,9,Q3,2026-Q3,2026-09,True,False,,0,General IT Stack,2026-09-29T08:53:03.756607+00:00
LIVE_00014,TopJobs_LK,https://www.topjobs.lk/employer/JobAdvertismentServlet?ac=DEFZZZ&jc=0001552040&ec=DEFZZZ&pg=applicant/vacancybyfunctionalarea.jsp,2026-09-29,TJ-0001552040,2026-09-29,Test Automation Architect,Test Automation Architect,QA & Test Automation,Lead,Fortunaglobal (Pvt) Limited,"Colombo 3, Sri Lanka",Hybrid,Full-time,Not Stated,,,Negotiable,,,,False,2026,9,Q3,2026-Q3,2026-09,False,False,,0,General IT Stack,2026-09-29T08:53:03.756705+00:00
LIVE_00015,TopJobs_LK,https://www.topjobs.lk/employer/JobAdvertismentServlet?ac=DEFZZZ&jc=0001551906&ec=DEFZZZ&pg=applicant/vacancybyfunctionalarea.jsp,2026-09-29,TJ-0001551906,2026-09-29,Business Development Manager - Gampaha,Business Development Manager - Gampaha,Management & Business Analysis,Lead,Premium Auto Parts (Pvt) Ltd,"Gampaha (Gampaha), Sri Lanka",Hybrid,Full-time,Not Stated,,,Negotiable,,,,False,2026,9,Q3,2026-Q3,2026-09,False,False,,0,General IT Stack,2026-09-29T08:53:03.757150+00:00
LIVE_00016,TopJobs_LK,https://www.topjobs.lk/employer/JobAdvertismentServlet?ac=DEFZZZ&jc=0001551905&ec=DEFZZZ&pg=applicant/vacancybyfunctionalarea.jsp,2026-09-29,TJ-0001551905,2026-09-29,Senior Lead Engineer - IT Support,Senior Lead Engineer - IT Support,IT Systems & Infrastructure,Lead,Commercial Bank of Ceylon PLC,"Colombo 1, Sri Lanka",Hybrid,Full-time,Not Stated,,,Negotiable,,,,False,2026,9,Q3,2026-Q3,2026-09,False,False,,0,General IT Stack,2026-09-29T08:53:03.757280+00:00
LIVE_00017,TopJobs_LK,https://www.topjobs.lk/employer/JobAdvertismentServlet?ac=0000000001&jc=0001550210&ec=0000000001&pg=applicant/vacancybyfunctionalarea.jsp,2026-09-29,TJ-0001550210,2026-09-29,Senior Mobile App Developer (1),Senior Mobile App Developer (1),Software Engineering,Senior,Genesiis Software Pvt Ltd,"Colombo 3, Sri Lanka",Hybrid,Full-time,Not Stated,,,Negotiable,,,,False,2026,9,Q3,2026-Q3,2026-09,False,False,,0,General IT Stack,2026-09-29T08:53:03.761926+00:00
LIVE_00018,TopJobs_LK,https://www.topjobs.lk/employer/JobAdvertismentServlet?ac=DEFZZZ&jc=0001550030&ec=DEFZZZ&pg=applicant/vacancybyfunctionalarea.jsp,2026-09-29,TJ-0001550030,2026-09-29,Web Project Manager - Web & Digital Solutions,Web Project Manager - Web & Digital Solutions,Management & Business Analysis,Lead,eBEYONDS (Pvt) Ltd,"Pannipitiya, Sri Lanka",Hybrid,Full-time,Not Stated,,,Negotiable,,,,False,2026,9,Q3,2026-Q3,2026-09,False,False,,0,General IT Stack,2026-09-29T08:53:03.763974+00:00
LIVE_00019,ITPro_LK,https://itpro.lk/job/15287/lead-engineer-%e2%80%93-information-security-at-n-able/,2026-09-29,ITPRO-15287,2026-09-29,Lead Engineer – Information Security,Lead Engineer – Information Security,Cyber Security,Lead,N-able,"Colombo, Sri Lanka",Hybrid,Full-time,Not Stated,,,Negotiable,,,,False,2026,9,Q3,2026-Q3,2026-09,False,False,,0,General IT Stack,2026-09-29T08:53:10.276444+00:00
LIVE_00020,ITPro_LK,https://itpro.lk/job/15285/product-manager-senior-product-executive-at-safe-engine-pvt-ltd/,2026-09-29,ITPRO-15285,2026-09-29,Product Manager / Senior Product Executive,Product Manager / Senior Product Executive,Management & Business Analysis,Lead,Safe Engine Pvt Ltd,"Colombo, Sri Lanka",Hybrid,Full-time,Not Stated,,,Negotiable,,,,False,2026,9,Q3,2026-Q3,2026-09,False,False,,0,General IT Stack,2026-09-29T08:53:16.208571+00:00
LIVE_00021,ITPro_LK,https://itpro.lk/job/15281/senior-automation-engineer-at-syntrad-labs-private-limited/,2026-09-29,ITPRO-15281,2026-09-29,Senior Automation Engineer,Senior Automation Engineer,QA & Test Automation,Senior,Syntrad Labs (Private) Limited,"Colombo, Sri Lanka",Hybrid,Full-time,Not Stated,,,Negotiable,,,,False,2026,9,Q3,2026-Q3,2026-09,False,False,,0,General IT Stack,2026-09-29T08:53:28.243043+00:00
LIVE_00022,ITPro_LK,https://itpro.lk/job/15278/associate-uiux-designer-at-s-p-solutions-pvt-limited/,2026-09-29,ITPRO-15278,2026-09-29,Associate UI/UX Designer,Associate UI/UX Designer,UI/UX & Product Design,Junior,S. P. Solutions (Pvt) Limited,"Colombo, Sri Lanka",Hybrid,Full-time,Not Stated,,,Negotiable,,,,False,2026,9,Q3,2026-Q3,2026-09,True,False,,1,UI/UX,2026-09-29T08:53:39.574830+00:00
LIVE_00023,ITPro_LK,https://itpro.lk/job/15276/senior-developer-%e2%80%93-nodejs-aws-cloud-serverless-at-hatchyard/,2026-09-29,ITPRO-15276,2026-09-29,"Senior Developer – Node.js, AWS Cloud & Serverless","Senior Developer – Node.js, AWS Cloud & Serverless",Cloud & DevOps,Senior,Hatchyard,"Colombo, Sri Lanka",Hybrid,Full-time,Not Stated,,,Negotiable,,,,False,2026,9,Q3,2026-Q3,2026-09,False,False,,2,Node.js; AWS,2026-09-29T08:53:46.524271+00:00
